,coefficient
TotalBsmtSF,16363.401372098311
OverallQual,12683.229392022318
LotArea,9275.595524700297
2ndFlrSF,9120.909153705281
TotRmsAbvGrd,8553.219320677234
MiscVal,-7872.870246977079
BsmtFinSF1,7210.547905167569
OverallCond,7036.373177814316
GrLivArea,6625.990476288676
HouseAge,-5673.909922709442
Fireplaces,5642.26642650037
Neighborhood_NridgHt,5612.872854176925
Neighborhood_NoRidge,5478.356412633648
GarageArea,5392.256547127856
MSSubClass_60,5391.263343513016
BsmtQual,5390.511991035246
BsmtCond,-5304.216935862794
Foundation_Slab,5000.723817252004
Neighborhood_StoneBr,4970.125430703132
BsmtExposure,4954.401347780478
KitchenQual,4806.968668309196
HouseStyle_1Story,4652.510912173712
MiscFeature_None,-4636.55747817683
MSSubClass_190,-4599.186595145994
TotalSF,4563.157047765005
BedroomAbvGr,-4451.465500350031
FullBath,4450.771490495063
MSSubClass_90,-4375.859406083032
Exterior2nd_Other,4104.720021457918
SaleCondition_Partial,3782.80942757706
HouseStyle_2.5Unf,-3757.7427095178755
BldgType_2fmCon,3681.288854132399
HalfBath,3569.732879988862
HouseStyle_SLvl,3558.726237513214
FireplaceQu,-3524.734170853792
MSSubClass_75,3521.9925079390296
MiscFeature_Shed,3433.1453869057423
Neighborhood_BrDale,3163.800930424478
SaleCondition_Other,3111.695710356609
HouseStyle_2Story,-3094.3131162937657
Functional,3059.055980289534
Neighborhood_Gilbert,-3034.3758186418527
GarageType_None,3009.5176160744386
Neighborhood_Crawfor,3001.4894032650814
Exterior2nd_VinylSd,2927.9097234848573
BsmtUnfSF,-2815.0260743360523
GarageType_Attchd,-2726.213935602935
LotConfig_CulDSac,2719.483941850692
RoofMatl_CompShg,-2702.3152917967677
Neighborhood_BrkSide,2637.1648318534626
RoofStyle_Hip,2619.536685001624
Exterior1st_CemntBd,2513.438334029416
Neighborhood_NWAmes,-2492.94503694516
Exterior1st_BrkFace,2446.86852449128
LandContour_HLS,2369.995779182397
ExterQual,2317.5783800210675
Foundation_BrkTil,-2221.5303412528788
Exterior1st_VinylSd,-2121.3466091527393
Neighborhood_CollgCr,-2062.123139880487
GarageType_Other,-2058.4641006171905
Condition1_RRAe,-2057.09694027238
Fence_MnPrv,1996.2603080315366
HouseStyle_1.5Unf,1977.944045522736
GarageType_BuiltIn,1900.8288523717363
Exterior1st_Other,-1873.4527633623304
RoofStyle_Flat,-1864.198277199817
Exterior1st_Plywood,-1852.6243340676772
MSSubClass_80,-1847.1072696639299
MSZoning_FV,1797.6688905876551
HouseStyle_1.5Fin,-1778.83778927229
Exterior1st_MetalSd,1758.6189120690751
LotConfig_FR2,-1753.7991027365665
MSSubClass_120,-1684.0087373960853
Neighborhood_Timber,-1673.374658125896
3SsnPorch,1670.7512708563443
GarageCars,1669.2898520649833
Exterior1st_Stucco,1572.3439525594804
GarageAge,-1567.180149926656
ScreenPorch,1551.0513446641496
LotConfig_Other,-1549.898387930966
Neighborhood_NAmes,-1464.5925739296054
LotFrontage,1374.9366020182574
MSSubClass_50,1369.1467088347317
MSSubClass_70,1350.0213142349771
Neighborhood_Mitchel,-1314.5595522588794
MoSold_5,1313.730047074503
Neighborhood_Other,1267.5880176633082
MoSold_11,-1259.4118045499508
Neighborhood_SawyerW,-1163.280608762908
MasVnrType_Stone,1127.3526791302932
MasVnrType_BrkFace,-1109.0027181092412
BldgType_1Fam,1099.007874168575
MSZoning_RH,1079.818736118483
Neighborhood_Blmngtn,1057.7307619592511
Alley_Pave,1052.023126534695
MoSold_12,-1045.1179709397247
Foundation_PConc,1041.7595701213245
HouseStyle_Other,-1029.9451852842858
MSSubClass_180,1017.205158870871
YrSold_2006,-988.8695112854101
Condition1_Artery,-957.8498908311946
Exterior2nd_CmentBd,-955.100662998238
MSSubClass_30,940.879400607148
Exterior1st_Wd Sdng,936.48200458526
MasVnrType_BrkCmn,-925.7876198595472
Condition1_Norm,923.5051878235606
PavedDrive_P,-917.5409123214337
GarageType_Basment,-916.8294733866621
Condition1_Feedr,-915.359610252294
SaleCondition_Family,-894.6784338619425
MSSubClass_85,-874.4802359598191
Fence_GdWo,871.1250514683496
MSSubClass_160,-864.1410000056861
SaleCondition_Abnorml,-862.6491526753357
LandContour_Low,-857.8341607322084
LotShape,-802.498942955464
Exterior2nd_AsbShng,792.0415221418646
BldgType_Twnhs,-781.2666284248029
MoSold_7,776.655066281205
WoodDeckSF,751.0346032221062
MSZoning_Other,-725.594764473307
MoSold_1,724.2665152771489
YrSold_2009,-716.0472288126412
Neighborhood_Sawyer,711.183115791479
Neighborhood_Edwards,-706.4723323964931
RoofStyle_Other,-694.9190318106259
MoSold_8,-683.3070185063019
LandSlope,-659.5007376451696
OpenPorchSF,-653.8804377011674
GarageQual,642.1930430699789
Neighborhood_MeadowV,624.0810639644421
MSZoning_RL,-587.9913879360514
Electrical_Other,567.727872307045
EnclosedPorch,-553.8181463972201
BsmtHalfBath,-549.2464442995882
KitchenAbvGr,-544.4889452146708
MSSubClass_40,-535.2256025018971
Exterior1st_AsbShng,-533.0803864441938
Fence_GdPrv,-530.4406828705977
MoSold_2,-522.9716527934763
Alley_None,-510.30338951131444
Neighborhood_OldTown,500.62977837946306
MSSubClass_45,-493.60140862807793
Exterior2nd_HdBoard,-489.27311055399866
Fence_Other,-472.46185618902877
Neighborhood_IDOTRR,449.98895638842635
MoSold_6,-436.49608528139123
1stFlrSF,432.91322761001925
GarageFinish,-431.24097309540343
PavedDrive_Y,417.8992670909249
MoSold_10,-408.4931100359802
BsmtFullBath,387.1693753155655
LandContour_Bnk,354.18696717752766
Exterior2nd_BrkFace,315.0782781951746
Heating_Other,-305.8213287469477
SaleType_New,305.7324129570969
SaleType_Other,305.06079422939234
BsmtFinType2,-284.53297345715333
SaleType_COD,-275.7838036283716
BsmtFinType1,-272.83246248504526
GarageCond,268.5259337058232
ExterCond,-264.02720844575236
HouseStyle_SFoyer,261.0340458394059
Electrical_SBrkr,-239.81182776004675
Exterior2nd_Wd Sdng,237.46940794682297
MoSold_9,223.4519178010613
Foundation_Other,-214.34885534666793
Neighborhood_SWISU,199.78917767747384
YrSold_2007,199.53524252982186
Electrical_FuseA,161.27571187260313
HeatingQC,151.03509396614754
Exterior2nd_Stucco,-149.146814205517
Neighborhood_ClearCr,-135.1834618939697
RemodAge,-133.7362028024318
LotConfig_Corner,-122.71253183074616
Condition1_PosN,121.15474085939184
YrSold_2010,118.44918931821762
LowQualFinSF,-110.38592765702062
Condition1_RRAn,97.01460139386775
Heating_GasW,65.22011850271876
Exterior2nd_Plywood,-49.72361945775457
BsmtFinSF2,44.87211103314204
RoofMatl_Other,1.0982577530842888e-11
PavedDrive_N,-0.0
Exterior2nd_MetalSd,-0.0
Condition1_Other,-0.0
SaleCondition_Normal,-0.0
BldgType_TwnhsE,-0.0
Neighborhood_Somerst,-0.0
SaleType_WD,-0.0
MSSubClass_20,-0.0
RoofStyle_Gable,-0.0
TotalBath,0.0
Exterior1st_HdBoard,-0.0
YrSold_2008,0.0
Exterior1st_WdShing,0.0
MSZoning_RM,0.0
LotConfig_Inside,0.0
Fence_None,-0.0
Exterior2nd_Wd Shng,0.0
Alley_Grvl,0.0
MasVnrType_None,0.0
MoSold_4,0.0
MoSold_3,0.0
Foundation_CBlock,-0.0
LandContour_Lvl,-0.0
CentralAir_N,-0.0
CentralAir_Y,0.0
Electrical_FuseF,-0.0
MiscFeature_Other,0.0
MasVnrArea,0.0
GarageType_Detchd,0.0
Heating_GasA,-0.0
