Feature,Importance
TotalSF,0.4064894856538854
OverallQual,0.3680741860670688
HouseAge,0.01720531391407628
GrLivArea,0.01425947858770476
KitchenQual,0.013322706347469876
BsmtFinSF1,0.012311706865804416
TotalBath,0.012217830324969833
RemodAge,0.011744329399457007
BsmtQual,0.011199874402259105
LotArea,0.01011961747941742
2ndFlrSF,0.008690708476104026
GarageArea,0.008448921047867595
GarageCars,0.007490929906731475
BsmtUnfSF,0.006390545740593095
LotFrontage,0.0063667198294520624
OverallCond,0.004205221761116087
FireplaceQu,0.004057855286136788
TotalBsmtSF,0.0039249526964581696
GarageFinish,0.0038857405609380377
1stFlrSF,0.003677337565527089
GarageAge,0.0033531672221545124
WoodDeckSF,0.0031472898144140793
OpenPorchSF,0.0030443037656398973
TotRmsAbvGrd,0.002698979209240836
ExterQual,0.002482967175820415
BsmtExposure,0.002398682377904855
KitchenAbvGr,0.002175624961620409
MasVnrArea,0.0021382285133266584
ScreenPorch,0.001948785962938249
BsmtFinType1,0.0015582583040679708
Fireplaces,0.0014284900321090547
FullBath,0.0013505631602661766
BedroomAbvGr,0.0010597131783673178
LotShape,0.001009082847050938
GarageType_Detchd,0.0009442065698608334
CentralAir_Y,0.0009254696602269365
CentralAir_N,0.0008113479373653024
GarageCond,0.0007808064363672047
LandContour_Lvl,0.0007775861443656928
MSSubClass_60,0.0007653516983565172
Neighborhood_Crawfor,0.0007577613442388113
Functional,0.0007291152118746358
GarageType_Attchd,0.0007190047359984228
GarageQual,0.0006766337604024397
HeatingQC,0.000624557415105257
LandContour_HLS,0.0006210155150759371
YrSold_2007,0.0006094813367170405
LandSlope,0.0005898885937795634
BldgType_1Fam,0.0005575007835410614
SaleCondition_Abnorml,0.0005556807749211065
MSZoning_RM,0.0005242275188470139
EnclosedPorch,0.0005010507388457892
BsmtFullBath,0.00049039411708389
SaleCondition_Normal,0.0004867292559073225
Foundation_PConc,0.000460273507425082
HalfBath,0.00045993463098636033
MasVnrType_Stone,0.00044812609560644835
Exterior1st_BrkFace,0.00044800691114949963
YrSold_2009,0.0004477002332767749
BsmtFinSF2,0.0004258078424885648
SaleCondition_Family,0.00042273450312665456
LotConfig_Inside,0.00038569713016149416
SaleType_WD,0.0003734122802342211
Neighborhood_NAmes,0.0003704274920998561
MoSold_10,0.0003688597229667043
RoofStyle_Gable,0.0003599764426740748
MoSold_2,0.0003470753920631656
Exterior2nd_MetalSd,0.00034293425207602507
MoSold_7,0.0003393406747381154
SaleType_New,0.00033920491025222875
MoSold_6,0.00033589691618666605
LotConfig_Corner,0.000334728713685927
Neighborhood_OldTown,0.0003323508391365863
MasVnrType_BrkFace,0.00032545244265142506
YrSold_2006,0.0003235558014978996
Neighborhood_NoRidge,0.0003181936214976167
Fence_None,0.00031720164805828794
LotConfig_CulDSac,0.0003123225981105289
Neighborhood_CollgCr,0.0003102428163289261
SaleCondition_Partial,0.0002967554885794628
MSZoning_RL,0.00028224670410861586
MasVnrType_None,0.00027825512566230645
Condition1_Norm,0.0002750368524532412
RoofStyle_Flat,0.00026286465974187536
YrSold_2010,0.00026212309915176857
HouseStyle_2Story,0.00026134462069425055
Exterior1st_VinylSd,0.000256486267248928
Neighborhood_StoneBr,0.00025431340778276306
YrSold_2008,0.00025199877773039524
BsmtFinType2,0.0002518198161903008
Foundation_CBlock,0.00024894496250550864
BsmtCond,0.00023520296618229392
ExterCond,0.00023493681582802958
Exterior2nd_HdBoard,0.00022951992647519818
MoSold_12,0.00022784477689490173
Exterior1st_Wd Sdng,0.00022612439791616976
Exterior1st_HdBoard,0.00022302496097091262
Neighborhood_NridgHt,0.0002176083429071106
RoofStyle_Hip,0.00021683885110792322
Exterior2nd_VinylSd,0.00021318840229602457
Exterior1st_MetalSd,0.00021237518724437094
MSSubClass_30,0.00020858370685663462
Exterior2nd_Plywood,0.0002074934989114827
3SsnPorch,0.00020373896844382
MoSold_4,0.00020224023409970285
MoSold_1,0.0001932589572385944
Exterior2nd_Wd Sdng,0.00018565051230014421
MoSold_5,0.0001799105772749955
HouseStyle_1Story,0.00017950970552109693
Neighborhood_Somerst,0.00017750303904196798
MoSold_8,0.00017741249554946583
Neighborhood_Edwards,0.00017696441621243986
MSSubClass_20,0.00017396525077619277
Fence_GdWo,0.00015990957178816092
Exterior1st_Other,0.00015938769430721611
Fence_MnPrv,0.00015610910845975532
MoSold_3,0.00015425517852946083
GarageType_BuiltIn,0.00015187820488063924
Exterior2nd_Other,0.00015091466271403037
HouseStyle_1.5Fin,0.00014653206593770544
MSSubClass_50,0.00013621707512632264
Alley_None,0.000134726936566485
PavedDrive_N,0.0001310827570949704
Foundation_BrkTil,0.00012994095916982304
BsmtHalfBath,0.00012785197386095686
Condition1_Artery,0.0001264146849510389
Neighborhood_NWAmes,0.00011369321413319659
MoSold_9,0.00010939680591191817
Exterior2nd_BrkFace,0.00010712841009136907
Exterior1st_Plywood,0.00010627385919799635
MSSubClass_70,0.00010407170813027462
Neighborhood_Gilbert,0.00010194960242249218
MSZoning_FV,0.00010122121396641163
SaleType_Other,9.903170845425021e-05
PavedDrive_Y,9.872781425271417e-05
RoofMatl_CompShg,9.775029589056834e-05
Fence_GdPrv,9.692157940245062e-05
MoSold_11,9.62753369177525e-05
Neighborhood_Timber,9.546039166702032e-05
Exterior2nd_CmentBd,9.119056340039284e-05
MSSubClass_80,8.982132389389339e-05
Exterior2nd_Wd Shng,8.821948223765541e-05
Neighborhood_Sawyer,8.630188843974515e-05
Alley_Grvl,7.6299187882817e-05
Neighborhood_ClearCr,7.581266074715249e-05
RoofMatl_Other,7.547111457221387e-05
Electrical_SBrkr,7.541474957699475e-05
MSSubClass_120,7.281422633049846e-05
Exterior2nd_Stucco,7.058389305485354e-05
MSSubClass_90,6.447903634614032e-05
Exterior1st_CemntBd,6.125046062423274e-05
Condition1_Feedr,5.956230303788108e-05
Neighborhood_BrkSide,5.441863310550977e-05
GarageType_None,5.353740819074979e-05
BldgType_TwnhsE,5.228820219295733e-05
LandContour_Low,5.000093039632804e-05
Neighborhood_IDOTRR,4.9210109974957206e-05
Heating_GasA,4.879268454211541e-05
LandContour_Bnk,4.833846996089587e-05
MSSubClass_160,4.74738662243487e-05
Condition1_PosN,4.727383268348799e-05
Neighborhood_SawyerW,4.5513056449483145e-05
Electrical_FuseA,4.52749303598779e-05
SaleCondition_Other,4.477104451077512e-05
LotConfig_FR2,4.308684351795301e-05
Neighborhood_Mitchel,4.290340160789531e-05
LotConfig_Other,4.2198494514631316e-05
Heating_GasW,4.139727575177196e-05
PavedDrive_P,3.841349701047989e-05
Alley_Pave,3.800556149909645e-05
HouseStyle_SLvl,3.4820154717419976e-05
Exterior1st_Stucco,3.37502558842045e-05
SaleType_COD,3.184660068376727e-05
GarageType_Other,3.117313804551072e-05
LowQualFinSF,3.092274897237631e-05
RoofStyle_Other,3.063806584922826e-05
Electrical_FuseF,2.7931260589569712e-05
Condition1_RRAe,2.715343243421838e-05
Condition1_RRAn,2.684255717118271e-05
MiscFeature_None,2.4384313684669693e-05
Neighborhood_Other,2.3967226787877614e-05
MasVnrType_BrkCmn,2.325887338332163e-05
Condition1_Other,2.244715560685822e-05
Foundation_Other,2.210564141733452e-05
MSZoning_Other,2.209914441732235e-05
MiscFeature_Shed,2.167835018424426e-05
HouseStyle_Other,2.1570654058193255e-05
MiscVal,2.0899567410379388e-05
Neighborhood_SWISU,2.02347786300378e-05
Neighborhood_MeadowV,1.899631126269752e-05
MSSubClass_75,1.6886891745679893e-05
Exterior1st_WdShing,1.6815476046532717e-05
MSSubClass_190,1.6030139310606878e-05
GarageType_Basment,1.3972253424160967e-05
MSZoning_RH,1.3935764131964841e-05
HouseStyle_2.5Unf,1.3293763781945987e-05
Heating_Other,1.2960036453732448e-05
Exterior2nd_AsbShng,1.2458325229633655e-05
BldgType_Twnhs,1.2444641405072265e-05
Exterior1st_AsbShng,1.2276903247726623e-05
BldgType_2fmCon,1.1967573989428938e-05
MiscFeature_Other,1.1283629115767817e-05
Neighborhood_BrDale,1.1172002556540606e-05
HouseStyle_SFoyer,1.0289098798667324e-05
Neighborhood_Blmngtn,6.647184528755175e-06
MSSubClass_85,4.867291098201029e-06
Foundation_Slab,3.20987777984844e-06
MSSubClass_40,3.0318878360359316e-06
Fence_Other,2.5830634968442356e-06
MSSubClass_45,1.8258526588086248e-06
HouseStyle_1.5Unf,1.5524310246615578e-06
Electrical_Other,2.927049123381921e-07
MSSubClass_180,2.8985255639171316e-07
