Feature,VIF
TotalBath,4744.822089754069
FullBath,2386.3941544989
BsmtFullBath,2126.522895305045
HalfBath,497.5345616659146
TotalSF,113.91524616730763
BsmtHalfBath,109.17988892024108
GrLivArea,57.73635662145245
TotalBsmtSF,37.27760727912467
GarageCond,15.74021540511408
1stFlrSF,15.482057060934794
2ndFlrSF,14.291512246652664
GarageQual,14.09802944487503
BsmtFinSF1,9.50563233067578
BsmtUnfSF,8.712059778049998
GarageCars,6.265763113910493
HouseAge,6.136155682818628
GarageArea,5.949619718826523
BsmtFinSF2,5.465159706089746
BsmtFinType2,4.992091497839102
TotRmsAbvGrd,4.827526276760001
FireplaceQu,4.794440514426769
Fireplaces,4.619475642464418
BsmtQual,4.2392954608660505
GarageAge,3.972898805392915
OverallQual,3.9662575692254576
ExterQual,2.965832815944763
RemodAge,2.848954632660957
KitchenQual,2.778046501298
BsmtFinType1,2.7606129554559535
BsmtCond,2.7581752819842356
BedroomAbvGr,2.607623302221723
LotArea,2.4289691311810104
GarageFinish,2.3533770063301067
KitchenAbvGr,2.1092333882501793
LotFrontage,1.9029805591795979
OverallCond,1.8831151048316477
HeatingQC,1.762396936190866
BsmtExposure,1.56958241605819
OpenPorchSF,1.4861098902105117
MasVnrArea,1.430151475076108
EnclosedPorch,1.4059965087242852
WoodDeckSF,1.3629426174064994
LotShape,1.2819558889617801
ExterCond,1.2199226049592395
Functional,1.217190651358194
ScreenPorch,1.129814085035927
LandSlope,1.1213951460090188
MiscVal,1.0970023368760138
